match_i.d,date,season,home_team,away_team,home_goal,away_goal
1,15/08/2025,2025/2026,Liverpool,Bournemouth,4,2
2,16/08/2025,2025/2026,Aston Villa,Newcastle,0,0
3,16/08/2025,2025/2026,Brighton,Fulham,1,1
4,16/08/2025,2025/2026,Sunderland,West Ham,3,0
5,16/08/2025,2025/2026,Tottenham,Burnley,3,0
6,16/08/2025,2025/2026,Wolves,Man City,0,4
7,17/08/2025,2025/2026,Chelsea,Crystal Palace,0,0
8,17/08/2025,2025/2026,Nott'm Forest,Brentford,3,1
9,17/08/2025,2025/2026,Man United,Arsenal,0,1
10,18/08/2025,2025/2026,Leeds,Everton,1,0
11,22/08/2025,2025/2026,West Ham,Chelsea,1,5
12,23/08/2025,2025/2026,Man City,Tottenham,0,2
13,23/08/2025,2025/2026,Bournemouth,Wolves,1,0
14,23/08/2025,2025/2026,Brentford,Aston Villa,1,0
15,23/08/2025,2025/2026,Burnley,Sunderland,2,0
16,23/08/2025,2025/2026,Arsenal,Leeds,5,0
17,24/08/2025,2025/2026,Crystal Palace,Nott'm Forest,1,1
18,24/08/2025,2025/2026,Everton,Brighton,2,0
19,24/08/2025,2025/2026,Fulham,Man United,1,1
20,25/08/2025,2025/2026,Newcastle,Liverpool,2,3
21,30/08/2025,2025/2026,Chelsea,Fulham,2,0
22,30/08/2025,2025/2026,Man United,Burnley,3,2
23,30/08/2025,2025/2026,Sunderland,Brentford,2,1
24,30/08/2025,2025/2026,Tottenham,Bournemouth,0,1
25,30/08/2025,2025/2026,Wolves,Everton,2,3
26,30/08/2025,2025/2026,Leeds,Newcastle,0,0
27,31/08/2025,2025/2026,Brighton,Man City,2,1
28,31/08/2025,2025/2026,Nott'm Forest,West Ham,0,3
29,31/08/2025,2025/2026,Liverpool,Arsenal,1,0
30,31/08/2025,2025/2026,Aston Villa,Crystal Palace,0,3
31,13/09/2025,2025/2026,Arsenal,Nott'm Forest,3,0
32,13/09/2025,2025/2026,Bournemouth,Brighton,2,1
33,13/09/2025,2025/2026,Crystal Palace,Sunderland,0,0
34,13/09/2025,2025/2026,Everton,Aston Villa,0,0
35,13/09/2025,2025/2026,Fulham,Leeds,1,0
36,13/09/2025,2025/2026,Newcastle,Wolves,1,0
37,13/09/2025,2025/2026,West Ham,Tottenham,0,3
38,13/09/2025,2025/2026,Brentford,Chelsea,2,2
39,14/09/2025,2025/2026,Burnley,Liverpool,0,1
40,14/09/2025,2025/2026,Man City,Man United,3,0
41,20/09/2025,2025/2026,Liverpool,Everton,2,1
42,20/09/2025,2025/2026,Brighton,Tottenham,2,2
43,20/09/2025,2025/2026,Burnley,Nott'm Forest,1,1
44,20/09/2025,2025/2026,West Ham,Crystal Palace,1,2
45,20/09/2025,2025/2026,Wolves,Leeds,1,3
46,20/09/2025,2025/2026,Man United,Chelsea,2,1
47,20/09/2025,2025/2026,Fulham,Brentford,3,1
48,21/09/2025,2025/2026,Bournemouth,Newcastle,0,0
49,21/09/2025,2025/2026,Sunderland,Aston Villa,1,1
50,21/09/2025,2025/2026,Arsenal,Man City,1,1
51,27/09/2025,2025/2026,Brentford,Man United,3,1
52,27/09/2025,2025/2026,Chelsea,Brighton,1,3
53,27/09/2025,2025/2026,Crystal Palace,Liverpool,2,1
54,27/09/2025,2025/2026,Leeds,Bournemouth,2,2
55,27/09/2025,2025/2026,Man City,Burnley,5,1
56,27/09/2025,2025/2026,Nott'm Forest,Sunderland,0,1
57,27/09/2025,2025/2026,Tottenham,Wolves,1,1
58,28/09/2025,2025/2026,Aston Villa,Fulham,3,1
59,28/09/2025,2025/2026,Newcastle,Arsenal,1,2
60,29/09/2025,2025/2026,Everton,West Ham,1,1
61,3/10/2025,2025/2026,Bournemouth,Fulham,3,1
62,4/10/2025,2025/2026,Leeds,Tottenham,1,2
63,4/10/2025,2025/2026,Arsenal,West Ham,2,0
64,4/10/2025,2025/2026,Man United,Sunderland,2,0
65,4/10/2025,2025/2026,Chelsea,Liverpool,2,1
66,5/10/2025,2025/2026,Aston Villa,Burnley,2,1
67,5/10/2025,2025/2026,Everton,Crystal Palace,2,1
68,5/10/2025,2025/2026,Newcastle,Nott'm Forest,2,0
69,5/10/2025,2025/2026,Wolves,Brighton,1,1
70,5/10/2025,2025/2026,Brentford,Man City,0,1
71,18/10/2025,2025/2026,Nott'm Forest,Chelsea,0,3
72,18/10/2025,2025/2026,Brighton,Newcastle,2,1
73,18/10/2025,2025/2026,Burnley,Leeds,2,0
74,18/10/2025,2025/2026,Crystal Palace,Bournemouth,3,3
75,18/10/2025,2025/2026,Man City,Everton,2,0
76,18/10/2025,2025/2026,Sunderland,Wolves,2,0
77,18/10/2025,2025/2026,Fulham,Arsenal,0,1
78,19/10/2025,2025/2026,Tottenham,Aston Villa,1,2
79,19/10/2025,2025/2026,Liverpool,Man United,1,2
80,20/10/2025,2025/2026,West Ham,Brentford,0,2
81,24/10/2025,2025/2026,Leeds,West Ham,2,1
82,25/10/2025,2025/2026,Chelsea,Sunderland,1,2
83,25/10/2025,2025/2026,Newcastle,Fulham,2,1
84,25/10/2025,2025/2026,Man United,Brighton,4,2
85,25/10/2025,2025/2026,Brentford,Liverpool,3,2
86,26/10/2025,2025/2026,Arsenal,Crystal Palace,1,0
87,26/10/2025,2025/2026,Aston Villa,Man City,1,0
88,26/10/2025,2025/2026,Bournemouth,Nott'm Forest,2,0
89,26/10/2025,2025/2026,Wolves,Burnley,2,3
90,26/10/2025,2025/2026,Everton,Tottenham,0,3
91,1/11/2025,2025/2026,Brighton,Leeds,3,0
92,1/11/2025,2025/2026,Burnley,Arsenal,0,2
93,1/11/2025,2025/2026,Crystal Palace,Brentford,2,0
94,1/11/2025,2025/2026,Fulham,Wolves,3,0
95,1/11/2025,2025/2026,Nott'm Forest,Man United,2,2
96,1/11/2025,2025/2026,Tottenham,Chelsea,0,1
97,1/11/2025,2025/2026,Liverpool,Aston Villa,2,0
98,2/11/2025,2025/2026,West Ham,Newcastle,3,1
99,2/11/2025,2025/2026,Man City,Bournemouth,3,1
100,3/11/2025,2025/2026,Sunderland,Everton,1,1
101,8/11/2025,2025/2026,Tottenham,Man United,2,2
102,8/11/2025,2025/2026,Everton,Fulham,2,0
103,8/11/2025,2025/2026,West Ham,Burnley,3,2
104,8/11/2025,2025/2026,Sunderland,Arsenal,2,2
105,8/11/2025,2025/2026,Chelsea,Wolves,3,0
106,9/11/2025,2025/2026,Aston Villa,Bournemouth,4,0
107,9/11/2025,2025/2026,Brentford,Newcastle,3,1
108,9/11/2025,2025/2026,Crystal Palace,Brighton,0,0
109,9/11/2025,2025/2026,Nott'm Forest,Leeds,3,1
110,9/11/2025,2025/2026,Man City,Liverpool,3,0
111,22/11/2025,2025/2026,Burnley,Chelsea,0,2
112,22/11/2025,2025/2026,Bournemouth,West Ham,2,2
113,22/11/2025,2025/2026,Brighton,Brentford,2,1
114,22/11/2025,2025/2026,Fulham,Sunderland,1,0
115,22/11/2025,2025/2026,Liverpool,Nott'm Forest,0,3
116,22/11/2025,2025/2026,Wolves,Crystal Palace,0,2
117,22/11/2025,2025/2026,Newcastle,Man City,2,1
118,23/11/2025,2025/2026,Leeds,Aston Villa,1,2
119,23/11/2025,2025/2026,Arsenal,Tottenham,4,1
120,24/11/2025,2025/2026,Man United,Everton,0,1
121,29/11/2025,2025/2026,Brentford,Burnley,3,1
122,29/11/2025,2025/2026,Man City,Leeds,3,2
123,29/11/2025,2025/2026,Sunderland,Bournemouth,3,2
124,29/11/2025,2025/2026,Everton,Newcastle,1,4
125,29/11/2025,2025/2026,Tottenham,Fulham,1,2
126,30/11/2025,2025/2026,Crystal Palace,Man United,1,2
127,30/11/2025,2025/2026,Aston Villa,Wolves,1,0
128,30/11/2025,2025/2026,Nott'm Forest,Brighton,0,2
129,30/11/2025,2025/2026,West Ham,Liverpool,0,2
130,30/11/2025,2025/2026,Chelsea,Arsenal,1,1
131,2/12/2025,2025/2026,Bournemouth,Everton,0,1
132,2/12/2025,2025/2026,Fulham,Man City,4,5
133,2/12/2025,2025/2026,Newcastle,Tottenham,2,2
134,3/12/2025,2025/2026,Arsenal,Brentford,2,0
135,3/12/2025,2025/2026,Brighton,Aston Villa,3,4
136,3/12/2025,2025/2026,Burnley,Crystal Palace,0,1
137,3/12/2025,2025/2026,Wolves,Nott'm Forest,0,1
138,3/12/2025,2025/2026,Leeds,Chelsea,3,1
139,3/12/2025,2025/2026,Liverpool,Sunderland,1,1
140,4/12/2025,2025/2026,Man United,West Ham,1,1
141,6/12/2025,2025/2026,Aston Villa,Arsenal,2,1
142,6/12/2025,2025/2026,Bournemouth,Chelsea,0,0
143,6/12/2025,2025/2026,Everton,Nott'm Forest,3,0
144,6/12/2025,2025/2026,Man City,Sunderland,3,0
145,6/12/2025,2025/2026,Newcastle,Burnley,2,1
146,6/12/2025,2025/2026,Tottenham,Brentford,2,0
147,6/12/2025,2025/2026,Leeds,Liverpool,3,3
148,7/12/2025,2025/2026,Brighton,West Ham,1,1
149,7/12/2025,2025/2026,Fulham,Crystal Palace,1,2
150,8/12/2025,2025/2026,Wolves,Man United,1,4
151,13/12/2025,2025/2026,Chelsea,Everton,2,0
152,13/12/2025,2025/2026,Liverpool,Brighton,2,0
153,13/12/2025,2025/2026,Burnley,Fulham,2,3
154,13/12/2025,2025/2026,Arsenal,Wolves,2,1
155,14/12/2025,2025/2026,Crystal Palace,Man City,0,3
156,14/12/2025,2025/2026,Nott'm Forest,Tottenham,3,0
157,14/12/2025,2025/2026,Sunderland,Newcastle,1,0
158,14/12/2025,2025/2026,West Ham,Aston Villa,2,3
159,14/12/2025,2025/2026,Brentford,Leeds,1,1
160,15/12/2025,2025/2026,Man United,Bournemouth,4,4
161,20/12/2025,2025/2026,Newcastle,Chelsea,2,2
162,20/12/2025,2025/2026,Bournemouth,Burnley,1,1
163,20/12/2025,2025/2026,Brighton,Sunderland,0,0
164,20/12/2025,2025/2026,Man City,West Ham,3,0
165,20/12/2025,2025/2026,Wolves,Brentford,0,2
166,20/12/2025,2025/2026,Tottenham,Liverpool,1,2
167,20/12/2025,2025/2026,Everton,Arsenal,0,1
168,20/12/2025,2025/2026,Leeds,Crystal Palace,4,1
169,21/12/2025,2025/2026,Aston Villa,Man United,2,1
170,22/12/2025,2025/2026,Fulham,Nott'm Forest,1,0
171,26/12/2025,2025/2026,Man United,Newcastle,1,0
172,27/12/2025,2025/2026,Nott'm Forest,Man City,1,2
173,27/12/2025,2025/2026,Arsenal,Brighton,2,1
174,27/12/2025,2025/2026,Brentford,Bournemouth,4,1
175,27/12/2025,2025/2026,Burnley,Everton,0,0
176,27/12/2025,2025/2026,Liverpool,Wolves,2,1
177,27/12/2025,2025/2026,West Ham,Fulham,0,1
178,27/12/2025,2025/2026,Chelsea,Aston Villa,1,2
179,28/12/2025,2025/2026,Sunderland,Leeds,1,1
180,28/12/2025,2025/2026,Crystal Palace,Tottenham,0,1
181,30/12/2025,2025/2026,Burnley,Newcastle,1,3
182,30/12/2025,2025/2026,Chelsea,Bournemouth,2,2
183,30/12/2025,2025/2026,Nott'm Forest,Everton,0,2
184,30/12/2025,2025/2026,West Ham,Brighton,2,2
185,30/12/2025,2025/2026,Arsenal,Aston Villa,4,1
186,30/12/2025,2025/2026,Man United,Wolves,1,1
187,1/1/2026,2025/2026,Crystal Palace,Fulham,1,1
188,1/1/2026,2025/2026,Liverpool,Leeds,0,0
189,1/1/2026,2025/2026,Brentford,Tottenham,0,0
190,1/1/2026,2025/2026,Sunderland,Man City,0,0
191,3/1/2026,2025/2026,Aston Villa,Nott'm Forest,3,1
192,3/1/2026,2025/2026,Brighton,Burnley,2,0
193,3/1/2026,2025/2026,Wolves,West Ham,3,0
194,3/1/2026,2025/2026,Bournemouth,Arsenal,2,3
195,4/1/2026,2025/2026,Leeds,Man United,1,1
196,4/1/2026,2025/2026,Everton,Brentford,2,4
197,4/1/2026,2025/2026,Newcastle,Crystal Palace,2,0
198,4/1/2026,2025/2026,Tottenham,Sunderland,1,1
199,4/1/2026,2025/2026,Fulham,Liverpool,2,2
200,4/1/2026,2025/2026,Man City,Chelsea,1,1
201,6/1/2026,2025/2026,West Ham,Nott'm Forest,1,2
202,7/1/2026,2025/2026,Bournemouth,Tottenham,3,2
203,7/1/2026,2025/2026,Brentford,Sunderland,3,0
204,7/1/2026,2025/2026,Crystal Palace,Aston Villa,0,0
205,7/1/2026,2025/2026,Everton,Wolves,1,1
206,7/1/2026,2025/2026,Fulham,Chelsea,2,1
207,7/1/2026,2025/2026,Man City,Brighton,1,1
208,7/1/2026,2025/2026,Burnley,Man United,2,2
209,7/1/2026,2025/2026,Newcastle,Leeds,4,3
210,8/1/2026,2025/2026,Arsenal,Liverpool,0,0
211,17/01/2026,2025/2026,Man United,Man City,2,0
212,17/01/2026,2025/2026,Chelsea,Brentford,2,0
213,17/01/2026,2025/2026,Leeds,Fulham,1,0
214,17/01/2026,2025/2026,Liverpool,Burnley,1,1
215,17/01/2026,2025/2026,Sunderland,Crystal Palace,2,1
216,17/01/2026,2025/2026,Tottenham,West Ham,1,2
217,17/01/2026,2025/2026,Nott'm Forest,Arsenal,0,0
218,18/01/2026,2025/2026,Wolves,Newcastle,0,0
219,18/01/2026,2025/2026,Aston Villa,Everton,0,1
220,19/01/2026,2025/2026,Brighton,Bournemouth,1,1
221,24/01/2026,2025/2026,West Ham,Sunderland,3,1
222,24/01/2026,2025/2026,Burnley,Tottenham,2,2
223,24/01/2026,2025/2026,Fulham,Brighton,2,1
224,24/01/2026,2025/2026,Man City,Wolves,2,0
225,24/01/2026,2025/2026,Bournemouth,Liverpool,3,2
226,25/01/2026,2025/2026,Brentford,Nott'm Forest,0,2
227,25/01/2026,2025/2026,Crystal Palace,Chelsea,1,3
228,25/01/2026,2025/2026,Newcastle,Aston Villa,0,2
229,25/01/2026,2025/2026,Arsenal,Man United,2,3
230,26/01/2026,2025/2026,Everton,Leeds,1,1
231,31/01/2026,2025/2026,Brighton,Everton,1,1
232,31/01/2026,2025/2026,Leeds,Arsenal,0,4
233,31/01/2026,2025/2026,Wolves,Bournemouth,0,2
234,31/01/2026,2025/2026,Chelsea,West Ham,3,2
235,31/01/2026,2025/2026,Liverpool,Newcastle,4,1
236,1/2/2026,2025/2026,Aston Villa,Brentford,0,1
237,1/2/2026,2025/2026,Man United,Fulham,3,2
238,1/2/2026,2025/2026,Nott'm Forest,Crystal Palace,1,1
239,1/2/2026,2025/2026,Tottenham,Man City,2,2
240,2/2/2026,2025/2026,Sunderland,Burnley,3,0
241,6/2/2026,2025/2026,Leeds,Nott'm Forest,3,1
242,7/2/2026,2025/2026,Man United,Tottenham,2,0
243,7/2/2026,2025/2026,Arsenal,Sunderland,3,0
244,7/2/2026,2025/2026,Bournemouth,Aston Villa,1,1
245,7/2/2026,2025/2026,Burnley,West Ham,0,2
246,7/2/2026,2025/2026,Fulham,Everton,1,2
247,7/2/2026,2025/2026,Wolves,Chelsea,1,3
248,7/2/2026,2025/2026,Newcastle,Brentford,2,3
249,8/2/2026,2025/2026,Brighton,Crystal Palace,0,1
250,8/2/2026,2025/2026,Liverpool,Man City,1,2
251,10/2/2026,2025/2026,Chelsea,Leeds,2,2
252,10/2/2026,2025/2026,Everton,Bournemouth,1,2
253,10/2/2026,2025/2026,Tottenham,Newcastle,1,2
254,10/2/2026,2025/2026,West Ham,Man United,1,1
255,11/2/2026,2025/2026,Aston Villa,Brighton,1,0
256,11/2/2026,2025/2026,Crystal Palace,Burnley,2,3
257,11/2/2026,2025/2026,Man City,Fulham,3,0
258,11/2/2026,2025/2026,Nott'm Forest,Wolves,0,0
259,11/2/2026,2025/2026,Sunderland,Liverpool,0,1
260,12/2/2026,2025/2026,Brentford,Arsenal,1,1
261,18/02/2026,2025/2026,Wolves,Arsenal,2,2
262,21/02/2026,2025/2026,Aston Villa,Leeds,1,1
263,21/02/2026,2025/2026,Brentford,Brighton,0,2
264,21/02/2026,2025/2026,Chelsea,Burnley,1,1
265,21/02/2026,2025/2026,West Ham,Bournemouth,0,0
266,21/02/2026,2025/2026,Man City,Newcastle,2,1
267,22/02/2026,2025/2026,Crystal Palace,Wolves,1,0
268,22/02/2026,2025/2026,Nott'm Forest,Liverpool,0,1
269,22/02/2026,2025/2026,Sunderland,Fulham,1,3
270,22/02/2026,2025/2026,Tottenham,Arsenal,1,4
271,23/02/2026,2025/2026,Everton,Man United,0,1
272,27/02/2026,2025/2026,Wolves,Aston Villa,2,0
273,28/02/2026,2025/2026,Bournemouth,Sunderland,1,1
274,28/02/2026,2025/2026,Burnley,Brentford,3,4
275,28/02/2026,2025/2026,Liverpool,West Ham,5,2
276,28/02/2026,2025/2026,Newcastle,Everton,2,3
277,28/02/2026,2025/2026,Leeds,Man City,0,1
278,1/3/2026,2025/2026,Brighton,Nott'm Forest,2,1
279,1/3/2026,2025/2026,Fulham,Tottenham,2,1
280,1/3/2026,2025/2026,Man United,Crystal Palace,2,1
281,1/3/2026,2025/2026,Arsenal,Chelsea,2,1
282,3/3/2026,2025/2026,Bournemouth,Brentford,0,0
283,3/3/2026,2025/2026,Everton,Burnley,2,0
284,3/3/2026,2025/2026,Leeds,Sunderland,0,1
285,3/3/2026,2025/2026,Wolves,Liverpool,2,1
286,4/3/2026,2025/2026,Aston Villa,Chelsea,1,4
287,4/3/2026,2025/2026,Brighton,Arsenal,0,1
288,4/3/2026,2025/2026,Fulham,West Ham,0,1
289,4/3/2026,2025/2026,Man City,Nott'm Forest,2,2
290,4/3/2026,2025/2026,Newcastle,Man United,2,1
291,5/3/2026,2025/2026,Tottenham,Crystal Palace,1,3
292,14/03/2026,2025/2026,Burnley,Bournemouth,0,0
293,14/03/2026,2025/2026,Sunderland,Brighton,0,1
294,14/03/2026,2025/2026,Arsenal,Everton,2,0
295,14/03/2026,2025/2026,Chelsea,Newcastle,0,1
296,14/03/2026,2025/2026,West Ham,Man City,1,1
297,15/03/2026,2025/2026,Crystal Palace,Leeds,0,0
298,15/03/2026,2025/2026,Man United,Aston Villa,3,1
299,15/03/2026,2025/2026,Nott'm Forest,Fulham,0,0
300,15/03/2026,2025/2026,Liverpool,Tottenham,1,1
301,16/03/2026,2025/2026,Brentford,Wolves,2,2
302,20/03/2026,2025/2026,Bournemouth,Man United,2,2
303,21/03/2026,2025/2026,Brighton,Liverpool,2,1
304,21/03/2026,2025/2026,Fulham,Burnley,3,1
305,21/03/2026,2025/2026,Everton,Chelsea,3,0
306,21/03/2026,2025/2026,Leeds,Brentford,0,0
307,22/03/2026,2025/2026,Newcastle,Sunderland,1,2
308,22/03/2026,2025/2026,Aston Villa,West Ham,2,0
309,22/03/2026,2025/2026,Tottenham,Nott'm Forest,0,3
310,10/4/2026,2025/2026,West Ham,Wolves,4,0
311,11/4/2026,2025/2026,Arsenal,Bournemouth,1,2
312,11/4/2026,2025/2026,Brentford,Everton,2,2
313,11/4/2026,2025/2026,Burnley,Brighton,0,2
314,11/4/2026,2025/2026,Liverpool,Fulham,2,0
315,12/4/2026,2025/2026,Crystal Palace,Newcastle,2,1
316,12/4/2026,2025/2026,Nott'm Forest,Aston Villa,1,1
317,12/4/2026,2025/2026,Sunderland,Tottenham,1,0
318,12/4/2026,2025/2026,Chelsea,Man City,0,3
319,13/04/2026,2025/2026,Man United,Leeds,1,2
320,18/04/2026,2025/2026,Brentford,Fulham,0,0
321,18/04/2026,2025/2026,Leeds,Wolves,3,0
322,18/04/2026,2025/2026,Newcastle,Bournemouth,1,2
323,18/04/2026,2025/2026,Tottenham,Brighton,2,2
324,18/04/2026,2025/2026,Chelsea,Man United,0,1
325,19/04/2026,2025/2026,Aston Villa,Sunderland,4,3
326,19/04/2026,2025/2026,Everton,Liverpool,1,2
327,19/04/2026,2025/2026,Nott'm Forest,Burnley,4,1
328,19/04/2026,2025/2026,Man City,Arsenal,2,1
329,20/04/2026,2025/2026,Crystal Palace,West Ham,0,0
330,21/04/2026,2025/2026,Brighton,Chelsea,3,0
331,22/04/2026,2025/2026,Bournemouth,Leeds,2,2
332,22/04/2026,2025/2026,Burnley,Man City,0,1
333,24/04/2026,2025/2026,Sunderland,Nott'm Forest,0,5
334,25/04/2026,2025/2026,Fulham,Aston Villa,1,0
335,25/04/2026,2025/2026,Liverpool,Crystal Palace,3,1
336,25/04/2026,2025/2026,West Ham,Everton,2,1
337,25/04/2026,2025/2026,Wolves,Tottenham,0,1
338,25/04/2026,2025/2026,Arsenal,Newcastle,1,0
339,27/04/2026,2025/2026,Man United,Brentford,2,1
340,1/5/2026,2025/2026,Leeds,Burnley,3,1
341,2/5/2026,2025/2026,Brentford,West Ham,3,0
342,2/5/2026,2025/2026,Newcastle,Brighton,3,1
343,2/5/2026,2025/2026,Wolves,Sunderland,1,1
344,2/5/2026,2025/2026,Arsenal,Fulham,3,0
345,3/5/2026,2025/2026,Bournemouth,Crystal Palace,3,0
346,3/5/2026,2025/2026,Man United,Liverpool,3,2
347,3/5/2026,2025/2026,Aston Villa,Tottenham,1,2
348,4/5/2026,2025/2026,Chelsea,Nott'm Forest,1,3
349,4/5/2026,2025/2026,Everton,Man City,3,3
350,9/5/2026,2025/2026,Liverpool,Chelsea,1,1
351,9/5/2026,2025/2026,Brighton,Wolves,3,0
352,9/5/2026,2025/2026,Fulham,Bournemouth,0,1
353,9/5/2026,2025/2026,Sunderland,Man United,0,0
354,9/5/2026,2025/2026,Man City,Brentford,3,0
355,10/5/2026,2025/2026,Burnley,Aston Villa,2,2
356,10/5/2026,2025/2026,Crystal Palace,Everton,2,2
357,10/5/2026,2025/2026,Nott'm Forest,Newcastle,1,1
358,10/5/2026,2025/2026,West Ham,Arsenal,0,1
359,11/5/2026,2025/2026,Tottenham,Leeds,1,1
360,13/05/2026,2025/2026,Man City,Crystal Palace,3,0
361,15/05/2026,2025/2026,Aston Villa,Liverpool,4,2
362,17/05/2026,2025/2026,Man United,Nott'm Forest,3,2
363,17/05/2026,2025/2026,Brentford,Crystal Palace,2,2
364,17/05/2026,2025/2026,Everton,Sunderland,1,3
365,17/05/2026,2025/2026,Leeds,Brighton,1,0
366,17/05/2026,2025/2026,Wolves,Fulham,1,1
367,17/05/2026,2025/2026,Newcastle,West Ham,3,1
368,18/05/2026,2025/2026,Arsenal,Burnley,1,0
369,19/05/2026,2025/2026,Bournemouth,Man City,1,1
370,19/05/2026,2025/2026,Chelsea,Tottenham,2,1
371,24/05/2026,2025/2026,Brighton,Man United,0,3
372,24/05/2026,2025/2026,Burnley,Wolves,1,1
373,24/05/2026,2025/2026,Crystal Palace,Arsenal,1,2
374,24/05/2026,2025/2026,Fulham,Newcastle,2,0
375,24/05/2026,2025/2026,Liverpool,Brentford,1,1
376,24/05/2026,2025/2026,Man City,Aston Villa,1,2
377,24/05/2026,2025/2026,Nott'm Forest,Bournemouth,1,1
378,24/05/2026,2025/2026,Sunderland,Chelsea,2,1
379,24/05/2026,2025/2026,Tottenham,Everton,1,0
380,24/05/2026,2025/2026,West Ham,Leeds,3,0
381,16/08/2024,2024/2025,Man United,Fulham,1,0
382,17/08/2024,2024/2025,Ipswich,Liverpool,0,2
383,17/08/2024,2024/2025,Arsenal,Wolves,2,0
384,17/08/2024,2024/2025,Everton,Brighton,0,3
385,17/08/2024,2024/2025,Newcastle,Southampton,1,0
386,17/08/2024,2024/2025,Nott'm Forest,Bournemouth,1,1
387,17/08/2024,2024/2025,West Ham,Aston Villa,1,2
388,18/08/2024,2024/2025,Brentford,Crystal Palace,2,1
389,18/08/2024,2024/2025,Chelsea,Man City,0,2
390,19/08/2024,2024/2025,Leicester,Tottenham,1,1
391,24/08/2024,2024/2025,Brighton,Man United,2,1
392,24/08/2024,2024/2025,Crystal Palace,West Ham,0,2
393,24/08/2024,2024/2025,Fulham,Leicester,2,1
394,24/08/2024,2024/2025,Man City,Ipswich,4,1
395,24/08/2024,2024/2025,Southampton,Nott'm Forest,0,1
396,24/08/2024,2024/2025,Tottenham,Everton,4,0
397,24/08/2024,2024/2025,Aston Villa,Arsenal,0,2
398,25/08/2024,2024/2025,Bournemouth,Newcastle,1,1
399,25/08/2024,2024/2025,Wolves,Chelsea,2,6
400,25/08/2024,2024/2025,Liverpool,Brentford,2,0
401,31/08/2024,2024/2025,Arsenal,Brighton,1,1
402,31/08/2024,2024/2025,Brentford,Southampton,3,1
403,31/08/2024,2024/2025,Everton,Bournemouth,2,3
404,31/08/2024,2024/2025,Ipswich,Fulham,1,1
405,31/08/2024,2024/2025,Leicester,Aston Villa,1,2
406,31/08/2024,2024/2025,Nott'm Forest,Wolves,1,1
407,31/08/2024,2024/2025,West Ham,Man City,1,3
408,1/9/2024,2024/2025,Chelsea,Crystal Palace,1,1
409,1/9/2024,2024/2025,Newcastle,Tottenham,2,1
410,1/9/2024,2024/2025,Man United,Liverpool,0,3
411,14/09/2024,2024/2025,Southampton,Man United,0,3
412,14/09/2024,2024/2025,Brighton,Ipswich,0,0
413,14/09/2024,2024/2025,Crystal Palace,Leicester,2,2
414,14/09/2024,2024/2025,Fulham,West Ham,1,1
415,14/09/2024,2024/2025,Liverpool,Nott'm Forest,0,1
416,14/09/2024,2024/2025,Man City,Brentford,2,1
417,14/09/2024,2024/2025,Aston Villa,Everton,3,2
418,14/09/2024,2024/2025,Bournemouth,Chelsea,0,1
419,15/09/2024,2024/2025,Tottenham,Arsenal,0,1
420,15/09/2024,2024/2025,Wolves,Newcastle,1,2
421,21/09/2024,2024/2025,West Ham,Chelsea,0,3
422,21/09/2024,2024/2025,Aston Villa,Wolves,3,1
423,21/09/2024,2024/2025,Fulham,Newcastle,3,1
424,21/09/2024,2024/2025,Leicester,Everton,1,1
425,21/09/2024,2024/2025,Liverpool,Bournemouth,3,0
426,21/09/2024,2024/2025,Southampton,Ipswich,1,1
427,21/09/2024,2024/2025,Tottenham,Brentford,3,1
428,21/09/2024,2024/2025,Crystal Palace,Man United,0,0
429,22/09/2024,2024/2025,Brighton,Nott'm Forest,2,2
430,22/09/2024,2024/2025,Man City,Arsenal,2,2
431,28/09/2024,2024/2025,Newcastle,Man City,1,1
432,28/09/2024,2024/2025,Arsenal,Leicester,4,2
433,28/09/2024,2024/2025,Brentford,West Ham,1,1
434,28/09/2024,2024/2025,Chelsea,Brighton,4,2
435,28/09/2024,2024/2025,Everton,Crystal Palace,2,1
436,28/09/2024,2024/2025,Nott'm Forest,Fulham,0,1
437,28/09/2024,2024/2025,Wolves,Liverpool,1,2
438,29/09/2024,2024/2025,Ipswich,Aston Villa,2,2
439,29/09/2024,2024/2025,Man United,Tottenham,0,3
440,30/09/2024,2024/2025,Bournemouth,Southampton,3,1
441,5/10/2024,2024/2025,Crystal Palace,Liverpool,0,1
442,5/10/2024,2024/2025,Arsenal,Southampton,3,1
443,5/10/2024,2024/2025,Brentford,Wolves,5,3
444,5/10/2024,2024/2025,Leicester,Bournemouth,1,0
445,5/10/2024,2024/2025,Man City,Fulham,3,2
446,5/10/2024,2024/2025,West Ham,Ipswich,4,1
447,5/10/2024,2024/2025,Everton,Newcastle,0,0
448,6/10/2024,2024/2025,Aston Villa,Man United,0,0
449,6/10/2024,2024/2025,Chelsea,Nott'm Forest,1,1
450,6/10/2024,2024/2025,Brighton,Tottenham,3,2
451,19/10/2024,2024/2025,Tottenham,West Ham,4,1
452,19/10/2024,2024/2025,Fulham,Aston Villa,1,3
453,19/10/2024,2024/2025,Ipswich,Everton,0,2
454,19/10/2024,2024/2025,Man United,Brentford,2,1
455,19/10/2024,2024/2025,Newcastle,Brighton,0,1
456,19/10/2024,2024/2025,Southampton,Leicester,2,3
457,19/10/2024,2024/2025,Bournemouth,Arsenal,2,0
458,20/10/2024,2024/2025,Wolves,Man City,1,2
459,20/10/2024,2024/2025,Liverpool,Chelsea,2,1
460,21/10/2024,2024/2025,Nott'm Forest,Crystal Palace,1,0
461,25/10/2024,2024/2025,Leicester,Nott'm Forest,1,3
462,26/10/2024,2024/2025,Aston Villa,Bournemouth,1,1
463,26/10/2024,2024/2025,Brentford,Ipswich,4,3
464,26/10/2024,2024/2025,Brighton,Wolves,2,2
465,26/10/2024,2024/2025,Man City,Southampton,1,0
466,26/10/2024,2024/2025,Everton,Fulham,1,1
467,27/10/2024,2024/2025,Chelsea,Newcastle,2,1
468,27/10/2024,2024/2025,Crystal Palace,Tottenham,1,0
469,27/10/2024,2024/2025,West Ham,Man United,2,1
470,27/10/2024,2024/2025,Arsenal,Liverpool,2,2
471,2/11/2024,2024/2025,Newcastle,Arsenal,1,0
472,2/11/2024,2024/2025,Bournemouth,Man City,2,1
473,2/11/2024,2024/2025,Ipswich,Leicester,1,1
474,2/11/2024,2024/2025,Liverpool,Brighton,2,1
475,2/11/2024,2024/2025,Nott'm Forest,West Ham,3,0
476,2/11/2024,2024/2025,Southampton,Everton,1,0
477,2/11/2024,2024/2025,Wolves,Crystal Palace,2,2
478,3/11/2024,2024/2025,Tottenham,Aston Villa,4,1
479,3/11/2024,2024/2025,Man United,Chelsea,1,1
480,4/11/2024,2024/2025,Fulham,Brentford,2,1
481,9/11/2024,2024/2025,Brentford,Bournemouth,3,2
482,9/11/2024,2024/2025,Crystal Palace,Fulham,0,2
483,9/11/2024,2024/2025,West Ham,Everton,0,0
484,9/11/2024,2024/2025,Wolves,Southampton,2,0
485,9/11/2024,2024/2025,Brighton,Man City,2,1
486,9/11/2024,2024/2025,Liverpool,Aston Villa,2,0
487,10/11/2024,2024/2025,Man United,Leicester,3,0
488,10/11/2024,2024/2025,Nott'm Forest,Newcastle,1,3
489,10/11/2024,2024/2025,Tottenham,Ipswich,1,2
490,10/11/2024,2024/2025,Chelsea,Arsenal,1,1
491,23/11/2024,2024/2025,Leicester,Chelsea,1,2
492,23/11/2024,2024/2025,Arsenal,Nott'm Forest,3,0
493,23/11/2024,2024/2025,Aston Villa,Crystal Palace,2,2
494,23/11/2024,2024/2025,Bournemouth,Brighton,1,2
495,23/11/2024,2024/2025,Everton,Brentford,0,0
496,23/11/2024,2024/2025,Fulham,Wolves,1,4
497,23/11/2024,2024/2025,Man City,Tottenham,0,4
498,24/11/2024,2024/2025,Southampton,Liverpool,2,3
499,24/11/2024,2024/2025,Ipswich,Man United,1,1
500,25/11/2024,2024/2025,Newcastle,West Ham,0,2
501,29/11/2024,2024/2025,Brighton,Southampton,1,1
502,30/11/2024,2024/2025,Brentford,Leicester,4,1
503,30/11/2024,2024/2025,Crystal Palace,Newcastle,1,1
504,30/11/2024,2024/2025,Nott'm Forest,Ipswich,1,0
505,30/11/2024,2024/2025,Wolves,Bournemouth,2,4
506,30/11/2024,2024/2025,West Ham,Arsenal,2,5
507,1/12/2024,2024/2025,Chelsea,Aston Villa,3,0
508,1/12/2024,2024/2025,Man United,Everton,4,0
509,1/12/2024,2024/2025,Tottenham,Fulham,1,1
510,1/12/2024,2024/2025,Liverpool,Man City,2,0
511,3/12/2024,2024/2025,Ipswich,Crystal Palace,0,1
512,3/12/2024,2024/2025,Leicester,West Ham,3,1
513,4/12/2024,2024/2025,Everton,Wolves,4,0
514,4/12/2024,2024/2025,Man City,Nott'm Forest,3,0
515,4/12/2024,2024/2025,Newcastle,Liverpool,3,3
516,4/12/2024,2024/2025,Southampton,Chelsea,1,5
517,4/12/2024,2024/2025,Arsenal,Man United,2,0
518,4/12/2024,2024/2025,Aston Villa,Brentford,3,1
519,5/12/2024,2024/2025,Fulham,Brighton,3,1
520,5/12/2024,2024/2025,Bournemouth,Tottenham,1,0
521,7/12/2024,2024/2025,Aston Villa,Southampton,1,0
522,7/12/2024,2024/2025,Brentford,Newcastle,4,2
523,7/12/2024,2024/2025,Crystal Palace,Man City,2,2
524,7/12/2024,2024/2025,Man United,Nott'm Forest,2,3
525,8/12/2024,2024/2025,Fulham,Arsenal,1,1
526,8/12/2024,2024/2025,Ipswich,Bournemouth,1,2
527,8/12/2024,2024/2025,Leicester,Brighton,2,2
528,8/12/2024,2024/2025,Tottenham,Chelsea,3,4
529,9/12/2024,2024/2025,West Ham,Wolves,2,1
530,14/12/2024,2024/2025,Arsenal,Everton,0,0
531,14/12/2024,2024/2025,Liverpool,Fulham,2,2
532,14/12/2024,2024/2025,Newcastle,Leicester,4,0
533,14/12/2024,2024/2025,Wolves,Ipswich,1,2
534,14/12/2024,2024/2025,Nott'm Forest,Aston Villa,2,1
535,15/12/2024,2024/2025,Brighton,Crystal Palace,1,3
536,15/12/2024,2024/2025,Man City,Man United,1,2
537,15/12/2024,2024/2025,Chelsea,Brentford,2,1
538,15/12/2024,2024/2025,Southampton,Tottenham,0,5
539,16/12/2024,2024/2025,Bournemouth,West Ham,1,1
540,21/12/2024,2024/2025,Aston Villa,Man City,2,1
541,21/12/2024,2024/2025,Brentford,Nott'm Forest,0,2
542,21/12/2024,2024/2025,Ipswich,Newcastle,0,4
543,21/12/2024,2024/2025,West Ham,Brighton,1,1
544,21/12/2024,2024/2025,Crystal Palace,Arsenal,1,5
545,22/12/2024,2024/2025,Everton,Chelsea,0,0
546,22/12/2024,2024/2025,Fulham,Southampton,0,0
547,22/12/2024,2024/2025,Leicester,Wolves,0,3
548,22/12/2024,2024/2025,Man United,Bournemouth,0,3
549,22/12/2024,2024/2025,Tottenham,Liverpool,3,6
550,26/12/2024,2024/2025,Man City,Everton,1,1
551,26/12/2024,2024/2025,Bournemouth,Crystal Palace,0,0
552,26/12/2024,2024/2025,Chelsea,Fulham,1,2
553,26/12/2024,2024/2025,Newcastle,Aston Villa,3,0
554,26/12/2024,2024/2025,Nott'm Forest,Tottenham,1,0
555,26/12/2024,2024/2025,Southampton,West Ham,0,1
556,26/12/2024,2024/2025,Wolves,Man United,2,0
557,26/12/2024,2024/2025,Liverpool,Leicester,3,1
558,27/12/2024,2024/2025,Brighton,Brentford,0,0
559,27/12/2024,2024/2025,Arsenal,Ipswich,1,0
560,29/12/2024,2024/2025,Leicester,Man City,0,2
561,29/12/2024,2024/2025,Crystal Palace,Southampton,2,1
562,29/12/2024,2024/2025,Everton,Nott'm Forest,0,2
563,29/12/2024,2024/2025,Fulham,Bournemouth,2,2
564,29/12/2024,2024/2025,Tottenham,Wolves,2,2
565,29/12/2024,2024/2025,West Ham,Liverpool,0,5
566,30/12/2024,2024/2025,Aston Villa,Brighton,2,2
567,30/12/2024,2024/2025,Ipswich,Chelsea,2,0
568,30/12/2024,2024/2025,Man United,Newcastle,0,2
569,1/1/2025,2024/2025,Brentford,Arsenal,1,3
570,4/1/2025,2024/2025,Tottenham,Newcastle,1,2
571,4/1/2025,2024/2025,Aston Villa,Leicester,2,1
572,4/1/2025,2024/2025,Bournemouth,Everton,1,0
573,4/1/2025,2024/2025,Crystal Palace,Chelsea,1,1
574,4/1/2025,2024/2025,Man City,West Ham,4,1
575,4/1/2025,2024/2025,Southampton,Brentford,0,5
576,4/1/2025,2024/2025,Brighton,Arsenal,1,1
577,5/1/2025,2024/2025,Fulham,Ipswich,2,2
578,5/1/2025,2024/2025,Liverpool,Man United,2,2
579,6/1/2025,2024/2025,Wolves,Nott'm Forest,0,3
580,14/01/2025,2024/2025,Brentford,Man City,2,2
581,14/01/2025,2024/2025,Chelsea,Bournemouth,2,2
582,14/01/2025,2024/2025,West Ham,Fulham,3,2
583,14/01/2025,2024/2025,Nott'm Forest,Liverpool,1,1
584,15/01/2025,2024/2025,Everton,Aston Villa,0,1
585,15/01/2025,2024/2025,Leicester,Crystal Palace,0,2
586,15/01/2025,2024/2025,Newcastle,Wolves,3,0
587,15/01/2025,2024/2025,Arsenal,Tottenham,2,1
588,16/01/2025,2024/2025,Ipswich,Brighton,0,2
589,16/01/2025,2024/2025,Man United,Southampton,3,1
590,18/01/2025,2024/2025,Newcastle,Bournemouth,1,4
591,18/01/2025,2024/2025,Brentford,Liverpool,0,2
592,18/01/2025,2024/2025,Leicester,Fulham,0,2
593,18/01/2025,2024/2025,West Ham,Crystal Palace,0,2
594,18/01/2025,2024/2025,Arsenal,Aston Villa,2,2
595,19/01/2025,2024/2025,Everton,Tottenham,3,2
596,19/01/2025,2024/2025,Man United,Brighton,1,3
597,19/01/2025,2024/2025,Nott'm Forest,Southampton,3,2
598,19/01/2025,2024/2025,Ipswich,Man City,0,6
599,20/01/2025,2024/2025,Chelsea,Wolves,3,1
600,25/01/2025,2024/2025,Bournemouth,Nott'm Forest,5,0
601,25/01/2025,2024/2025,Brighton,Everton,0,1
602,25/01/2025,2024/2025,Liverpool,Ipswich,4,1
603,25/01/2025,2024/2025,Southampton,Newcastle,1,3
604,25/01/2025,2024/2025,Wolves,Arsenal,0,1
605,25/01/2025,2024/2025,Man City,Chelsea,3,1
606,26/01/2025,2024/2025,Crystal Palace,Brentford,1,2
607,26/01/2025,2024/2025,Tottenham,Leicester,1,2
608,26/01/2025,2024/2025,Aston Villa,West Ham,1,1
609,26/01/2025,2024/2025,Fulham,Man United,0,1
610,1/2/2025,2024/2025,Nott'm Forest,Brighton,7,0
611,1/2/2025,2024/2025,Bournemouth,Liverpool,0,2
612,1/2/2025,2024/2025,Everton,Leicester,4,0
613,1/2/2025,2024/2025,Ipswich,Southampton,1,2
614,1/2/2025,2024/2025,Newcastle,Fulham,1,2
615,1/2/2025,2024/2025,Wolves,Aston Villa,2,0
616,2/2/2025,2024/2025,Brentford,Tottenham,0,2
617,2/2/2025,2024/2025,Man United,Crystal Palace,0,2
618,2/2/2025,2024/2025,Arsenal,Man City,5,1
619,3/2/2025,2024/2025,Chelsea,West Ham,2,1
620,12/2/2025,2024/2025,Everton,Liverpool,2,2
621,14/02/2025,2024/2025,Brighton,Chelsea,3,0
622,15/02/2025,2024/2025,Leicester,Arsenal,0,2
623,15/02/2025,2024/2025,Aston Villa,Ipswich,1,1
624,15/02/2025,2024/2025,Fulham,Nott'm Forest,2,1
625,15/02/2025,2024/2025,Man City,Newcastle,4,0
626,15/02/2025,2024/2025,Southampton,Bournemouth,1,3
627,15/02/2025,2024/2025,West Ham,Brentford,0,1
628,15/02/2025,2024/2025,Crystal Palace,Everton,1,2
629,16/02/2025,2024/2025,Liverpool,Wolves,2,1
630,16/02/2025,2024/2025,Tottenham,Man United,1,0
631,19/02/2025,2024/2025,Aston Villa,Liverpool,2,2
632,21/02/2025,2024/2025,Leicester,Brentford,0,4
633,22/02/2025,2024/2025,Everton,Man United,2,2
634,22/02/2025,2024/2025,Arsenal,West Ham,0,1
635,22/02/2025,2024/2025,Bournemouth,Wolves,0,1
636,22/02/2025,2024/2025,Fulham,Crystal Palace,0,2
637,22/02/2025,2024/2025,Ipswich,Tottenham,1,4
638,22/02/2025,2024/2025,Southampton,Brighton,0,4
639,22/02/2025,2024/2025,Aston Villa,Chelsea,2,1
640,23/02/2025,2024/2025,Newcastle,Nott'm Forest,4,3
641,23/02/2025,2024/2025,Man City,Liverpool,0,2
642,25/02/2025,2024/2025,Brighton,Bournemouth,2,1
643,25/02/2025,2024/2025,Crystal Palace,Aston Villa,4,1
644,25/02/2025,2024/2025,Wolves,Fulham,1,2
645,25/02/2025,2024/2025,Chelsea,Southampton,4,0
646,26/02/2025,2024/2025,Brentford,Everton,1,1
647,26/02/2025,2024/2025,Man United,Ipswich,3,2
648,26/02/2025,2024/2025,Nott'm Forest,Arsenal,0,0
649,26/02/2025,2024/2025,Tottenham,Man City,0,1
650,26/02/2025,2024/2025,Liverpool,Newcastle,2,0
651,27/02/2025,2024/2025,West Ham,Leicester,2,0
652,8/3/2025,2024/2025,Nott'm Forest,Man City,1,0
653,8/3/2025,2024/2025,Brighton,Fulham,2,1
654,8/3/2025,2024/2025,Crystal Palace,Ipswich,1,0
655,8/3/2025,2024/2025,Liverpool,Southampton,3,1
656,8/3/2025,2024/2025,Brentford,Aston Villa,0,1
657,8/3/2025,2024/2025,Wolves,Everton,1,1
658,9/3/2025,2024/2025,Chelsea,Leicester,1,0
659,9/3/2025,2024/2025,Tottenham,Bournemouth,2,2
660,9/3/2025,2024/2025,Man United,Arsenal,1,1
661,10/3/2025,2024/2025,West Ham,Newcastle,0,1
662,15/03/2025,2024/2025,Everton,West Ham,1,1
663,15/03/2025,2024/2025,Ipswich,Nott'm Forest,2,4
664,15/03/2025,2024/2025,Man City,Brighton,2,2
665,15/03/2025,2024/2025,Southampton,Wolves,1,2
666,15/03/2025,2024/2025,Bournemouth,Brentford,1,2
667,16/03/2025,2024/2025,Arsenal,Chelsea,1,0
668,16/03/2025,2024/2025,Fulham,Tottenham,2,0
669,16/03/2025,2024/2025,Leicester,Man United,0,3
670,1/4/2025,2024/2025,Arsenal,Fulham,2,1
671,1/4/2025,2024/2025,Wolves,West Ham,1,0
672,1/4/2025,2024/2025,Nott'm Forest,Man United,1,0
673,2/4/2025,2024/2025,Bournemouth,Ipswich,1,2
674,2/4/2025,2024/2025,Brighton,Aston Villa,0,3
675,2/4/2025,2024/2025,Man City,Leicester,2,0
676,2/4/2025,2024/2025,Newcastle,Brentford,2,1
677,2/4/2025,2024/2025,Southampton,Crystal Palace,1,1
678,2/4/2025,2024/2025,Liverpool,Everton,1,0
679,3/4/2025,2024/2025,Chelsea,Tottenham,1,0
680,5/4/2025,2024/2025,Everton,Arsenal,1,1
681,5/4/2025,2024/2025,Crystal Palace,Brighton,2,1
682,5/4/2025,2024/2025,Ipswich,Wolves,1,2
683,5/4/2025,2024/2025,West Ham,Bournemouth,2,2
684,5/4/2025,2024/2025,Aston Villa,Nott'm Forest,2,1
685,6/4/2025,2024/2025,Brentford,Chelsea,0,0
686,6/4/2025,2024/2025,Fulham,Liverpool,3,2
687,6/4/2025,2024/2025,Tottenham,Southampton,3,1
688,6/4/2025,2024/2025,Man United,Man City,0,0
689,7/4/2025,2024/2025,Leicester,Newcastle,0,3
690,12/4/2025,2024/2025,Man City,Crystal Palace,5,2
691,12/4/2025,2024/2025,Brighton,Leicester,2,2
692,12/4/2025,2024/2025,Nott'm Forest,Everton,0,1
693,12/4/2025,2024/2025,Southampton,Aston Villa,0,3
694,12/4/2025,2024/2025,Arsenal,Brentford,1,1
695,13/04/2025,2024/2025,Chelsea,Ipswich,2,2
696,13/04/2025,2024/2025,Liverpool,West Ham,2,1
697,13/04/2025,2024/2025,Wolves,Tottenham,4,2
698,13/04/2025,2024/2025,Newcastle,Man United,4,1
699,14/04/2025,2024/2025,Bournemouth,Fulham,1,0
700,16/04/2025,2024/2025,Newcastle,Crystal Palace,5,0
701,19/04/2025,2024/2025,Brentford,Brighton,4,2
702,19/04/2025,2024/2025,Crystal Palace,Bournemouth,0,0
703,19/04/2025,2024/2025,Everton,Man City,0,2
704,19/04/2025,2024/2025,West Ham,Southampton,1,1
705,19/04/2025,2024/2025,Aston Villa,Newcastle,4,1
706,20/04/2025,2024/2025,Fulham,Chelsea,1,2
707,20/04/2025,2024/2025,Ipswich,Arsenal,0,4
708,20/04/2025,2024/2025,Man United,Wolves,0,1
709,20/04/2025,2024/2025,Leicester,Liverpool,0,1
710,21/04/2025,2024/2025,Tottenham,Nott'm Forest,1,2
711,22/04/2025,2024/2025,Man City,Aston Villa,2,1
712,23/04/2025,2024/2025,Arsenal,Crystal Palace,2,2
713,26/04/2025,2024/2025,Chelsea,Everton,1,0
714,26/04/2025,2024/2025,Brighton,West Ham,3,2
715,26/04/2025,2024/2025,Newcastle,Ipswich,3,0
716,26/04/2025,2024/2025,Southampton,Fulham,1,2
717,26/04/2025,2024/2025,Wolves,Leicester,3,0
718,27/04/2025,2024/2025,Bournemouth,Man United,1,1
719,27/04/2025,2024/2025,Liverpool,Tottenham,5,1
720,1/5/2025,2024/2025,Nott'm Forest,Brentford,0,2
721,2/5/2025,2024/2025,Man City,Wolves,1,0
722,3/5/2025,2024/2025,Aston Villa,Fulham,1,0
723,3/5/2025,2024/2025,Everton,Ipswich,2,2
724,3/5/2025,2024/2025,Leicester,Southampton,2,0
725,3/5/2025,2024/2025,Arsenal,Bournemouth,1,2
726,4/5/2025,2024/2025,Brentford,Man United,4,3
727,4/5/2025,2024/2025,Brighton,Newcastle,1,1
728,4/5/2025,2024/2025,West Ham,Tottenham,1,1
729,4/5/2025,2024/2025,Chelsea,Liverpool,3,1
730,5/5/2025,2024/2025,Crystal Palace,Nott'm Forest,1,1
731,10/5/2025,2024/2025,Fulham,Everton,1,3
732,10/5/2025,2024/2025,Ipswich,Brentford,0,1
733,10/5/2025,2024/2025,Southampton,Man City,0,0
734,10/5/2025,2024/2025,Wolves,Brighton,0,2
735,10/5/2025,2024/2025,Bournemouth,Aston Villa,0,1
736,11/5/2025,2024/2025,Newcastle,Chelsea,2,0
737,11/5/2025,2024/2025,Man United,West Ham,0,2
738,11/5/2025,2024/2025,Nott'm Forest,Leicester,2,2
739,11/5/2025,2024/2025,Tottenham,Crystal Palace,0,2
740,11/5/2025,2024/2025,Liverpool,Arsenal,2,2
741,16/05/2025,2024/2025,Aston Villa,Tottenham,2,0
742,16/05/2025,2024/2025,Chelsea,Man United,1,0
743,18/05/2025,2024/2025,Everton,Southampton,2,0
744,18/05/2025,2024/2025,West Ham,Nott'm Forest,1,2
745,18/05/2025,2024/2025,Brentford,Fulham,2,3
746,18/05/2025,2024/2025,Leicester,Ipswich,2,0
747,18/05/2025,2024/2025,Arsenal,Newcastle,1,0
748,19/05/2025,2024/2025,Brighton,Liverpool,3,2
749,20/05/2025,2024/2025,Crystal Palace,Wolves,4,2
750,20/05/2025,2024/2025,Man City,Bournemouth,3,1
751,25/05/2025,2024/2025,Bournemouth,Leicester,2,0
752,25/05/2025,2024/2025,Fulham,Man City,0,2
753,25/05/2025,2024/2025,Ipswich,West Ham,1,3
754,25/05/2025,2024/2025,Liverpool,Crystal Palace,1,1
755,25/05/2025,2024/2025,Man United,Aston Villa,2,0
756,25/05/2025,2024/2025,Newcastle,Everton,0,1
757,25/05/2025,2024/2025,Nott'm Forest,Chelsea,0,1
758,25/05/2025,2024/2025,Southampton,Arsenal,1,2
759,25/05/2025,2024/2025,Tottenham,Brighton,1,4
760,25/05/2025,2024/2025,Wolves,Brentford,1,1
761,16/08/2024,2023/2024,Burnley,Man City,0,3
762,17/08/2024,2023/2024,Arsenal,Nott'm Forest,2,1
763,17/08/2024,2023/2024,Bournemouth,West Ham,1,1
764,17/08/2024,2023/2024,Brighton,Luton,4,1
765,17/08/2024,2023/2024,Everton,Fulham,0,1
766,17/08/2024,2023/2024,Sheffield United,Crystal Palace,0,1
767,17/08/2024,2023/2024,Newcastle,Aston Villa,5,1
768,18/08/2024,2023/2024,Brentford,Tottenham,2,2
769,18/08/2024,2023/2024,Chelsea,Liverpool,1,1
770,19/08/2024,2023/2024,Man United,Wolves,1,0
771,24/08/2024,2023/2024,Nott'm Forest,Sheffield United,2,1
772,24/08/2024,2023/2024,Fulham,Brentford,0,3
773,24/08/2024,2023/2024,Liverpool,Bournemouth,3,1
774,24/08/2024,2023/2024,Wolves,Brighton,1,4
775,24/08/2024,2023/2024,Tottenham,Man United,2,0
776,24/08/2024,2023/2024,Man City,Newcastle,1,0
777,24/08/2024,2023/2024,Aston Villa,Everton,4,0
778,25/08/2024,2023/2024,West Ham,Chelsea,3,1
779,25/08/2024,2023/2024,Crystal Palace,Arsenal,0,1
780,25/08/2024,2023/2024,Chelsea,Luton,3,0
781,31/08/2024,2023/2024,Bournemouth,Tottenham,0,2
782,31/08/2024,2023/2024,Arsenal,Fulham,2,2
783,31/08/2024,2023/2024,Brentford,Crystal Palace,1,1
784,31/08/2024,2023/2024,Everton,Wolves,0,1
785,31/08/2024,2023/2024,Man United,Nott'm Forest,3,2
786,31/08/2024,2023/2024,Brighton,West Ham,1,3
787,31/08/2024,2023/2024,Burnley,Aston Villa,1,3
788,1/9/2024,2023/2024,Sheffield United,Man City,1,2
789,1/9/2024,2023/2024,Newcastle,Liverpool,1,2
790,1/9/2024,2023/2024,Luton,West Ham,1,2
791,14/09/2024,2023/2024,Sheffield United,Everton,2,2
792,14/09/2024,2023/2024,Brentford,Bournemouth,2,2
793,14/09/2024,2023/2024,Burnley,Tottenham,2,5
794,14/09/2024,2023/2024,Chelsea,Nott'm Forest,0,1
795,14/09/2024,2023/2024,Man City,Fulham,5,1
796,14/09/2024,2023/2024,Brighton,Newcastle,3,1
797,14/09/2024,2023/2024,Crystal Palace,Wolves,3,2
798,14/09/2024,2023/2024,Liverpool,Aston Villa,3,0
799,15/09/2024,2023/2024,Arsenal,Man United,3,1
800,15/09/2024,2023/2024,Wolves,Liverpool,1,3
801,21/09/2024,2023/2024,Aston Villa,Crystal Palace,3,1
802,21/09/2024,2023/2024,Fulham,Luton,1,0
803,21/09/2024,2023/2024,Man United,Brighton,1,3
804,21/09/2024,2023/2024,Tottenham,Sheffield United,2,1
805,21/09/2024,2023/2024,West Ham,Man City,1,3
806,21/09/2024,2023/2024,Newcastle,Brentford,1,0
807,21/09/2024,2023/2024,Bournemouth,Chelsea,0,0
808,21/09/2024,2023/2024,Everton,Arsenal,0,1
809,22/09/2024,2023/2024,Nott'm Forest,Burnley,1,1
810,22/09/2024,2023/2024,Crystal Palace,Fulham,0,0
811,28/09/2024,2023/2024,Luton,Wolves,1,1
812,28/09/2024,2023/2024,Man City,Nott'm Forest,2,0
813,28/09/2024,2023/2024,Brentford,Everton,1,3
814,28/09/2024,2023/2024,Burnley,Man United,0,1
815,28/09/2024,2023/2024,Arsenal,Tottenham,2,2
816,28/09/2024,2023/2024,Brighton,Bournemouth,3,1
817,28/09/2024,2023/2024,Chelsea,Aston Villa,0,1
818,29/09/2024,2023/2024,Liverpool,West Ham,3,1
819,29/09/2024,2023/2024,Sheffield United,Newcastle,0,8
820,30/09/2024,2023/2024,Aston Villa,Brighton,6,1
821,5/10/2024,2023/2024,Bournemouth,Arsenal,0,4
822,5/10/2024,2023/2024,Everton,Luton,1,2
823,5/10/2024,2023/2024,Man United,Crystal Palace,0,1
824,5/10/2024,2023/2024,Newcastle,Burnley,2,0
825,5/10/2024,2023/2024,West Ham,Sheffield United,2,0
826,5/10/2024,2023/2024,Wolves,Man City,2,1
827,5/10/2024,2023/2024,Tottenham,Liverpool,2,1
828,6/10/2024,2023/2024,Nott'm Forest,Brentford,1,1
829,6/10/2024,2023/2024,Fulham,Chelsea,0,2
830,6/10/2024,2023/2024,Luton,Burnley,1,2
831,19/10/2024,2023/2024,Luton,Tottenham,0,1
832,19/10/2024,2023/2024,Burnley,Chelsea,1,4
833,19/10/2024,2023/2024,Everton,Bournemouth,3,0
834,19/10/2024,2023/2024,Fulham,Sheffield United,3,1
835,19/10/2024,2023/2024,Man United,Brentford,2,1
836,19/10/2024,2023/2024,Crystal Palace,Nott'm Forest,0,0
837,19/10/2024,2023/2024,Brighton,Liverpool,2,2
838,20/10/2024,2023/2024,West Ham,Newcastle,2,2
839,20/10/2024,2023/2024,Wolves,Aston Villa,1,1
840,21/10/2024,2023/2024,Arsenal,Man City,1,0
841,25/10/2024,2023/2024,Liverpool,Everton,2,0
842,26/10/2024,2023/2024,Bournemouth,Wolves,1,2
843,26/10/2024,2023/2024,Brentford,Burnley,3,0
844,26/10/2024,2023/2024,Man City,Brighton,2,1
845,26/10/2024,2023/2024,Newcastle,Crystal Palace,4,0
846,26/10/2024,2023/2024,Nott'm Forest,Luton,2,2
847,27/10/2024,2023/2024,Chelsea,Arsenal,2,2
848,27/10/2024,2023/2024,Sheffield United,Man United,1,2
849,27/10/2024,2023/2024,Aston Villa,West Ham,4,1
850,27/10/2024,2023/2024,Tottenham,Fulham,2,0
851,2/11/2024,2023/2024,Crystal Palace,Tottenham,1,2
852,2/11/2024,2023/2024,Chelsea,Brentford,0,2
853,2/11/2024,2023/2024,Arsenal,Sheffield United,5,0
854,2/11/2024,2023/2024,Bournemouth,Burnley,2,1
855,2/11/2024,2023/2024,Wolves,Newcastle,2,2
856,2/11/2024,2023/2024,West Ham,Everton,0,1
857,2/11/2024,2023/2024,Aston Villa,Luton,3,1
858,3/11/2024,2023/2024,Brighton,Fulham,1,1
859,3/11/2024,2023/2024,Liverpool,Nott'm Forest,3,0
860,4/11/2024,2023/2024,Man United,Man City,0,3
861,9/11/2024,2023/2024,Fulham,Man United,0,1
862,9/11/2024,2023/2024,Brentford,West Ham,3,2
863,9/11/2024,2023/2024,Burnley,Crystal Palace,0,2
864,9/11/2024,2023/2024,Everton,Brighton,1,1
865,9/11/2024,2023/2024,Man City,Bournemouth,6,1
866,9/11/2024,2023/2024,Sheffield United,Wolves,2,1
867,10/11/2024,2023/2024,Newcastle,Arsenal,1,0
868,10/11/2024,2023/2024,Nott'm Forest,Aston Villa,2,0
869,10/11/2024,2023/2024,Luton,Liverpool,1,1
870,10/11/2024,2023/2024,Tottenham,Chelsea,1,4
871,23/11/2024,2023/2024,Wolves,Tottenham,2,1
872,23/11/2024,2023/2024,Arsenal,Burnley,3,1
873,23/11/2024,2023/2024,Crystal Palace,Everton,2,3
874,23/11/2024,2023/2024,Man United,Luton,1,0
875,23/11/2024,2023/2024,Bournemouth,Newcastle,2,0
876,23/11/2024,2023/2024,Aston Villa,Fulham,3,1
877,23/11/2024,2023/2024,Brighton,Sheffield United,1,1
878,24/11/2024,2023/2024,Liverpool,Brentford,3,0
879,24/11/2024,2023/2024,West Ham,Nott'm Forest,3,2
880,25/11/2024,2023/2024,Chelsea,Man City,4,4
881,29/11/2024,2023/2024,Man City,Liverpool,1,1
882,30/11/2024,2023/2024,Burnley,West Ham,1,2
883,30/11/2024,2023/2024,Luton,Crystal Palace,2,1
884,30/11/2024,2023/2024,Newcastle,Chelsea,4,1
885,30/11/2024,2023/2024,Nott'm Forest,Brighton,2,3
886,30/11/2024,2023/2024,Sheffield United,Bournemouth,1,3
887,1/12/2024,2023/2024,Brentford,Arsenal,0,1
888,1/12/2024,2023/2024,Tottenham,Aston Villa,1,2
889,1/12/2024,2023/2024,Everton,Man United,0,3
890,1/12/2024,2023/2024,Fulham,Wolves,3,2
891,3/12/2024,2023/2024,Arsenal,Wolves,2,1
892,3/12/2024,2023/2024,Brentford,Luton,3,1
893,4/12/2024,2023/2024,Burnley,Sheffield United,5,0
894,4/12/2024,2023/2024,Nott'm Forest,Everton,0,1
895,4/12/2024,2023/2024,Newcastle,Man United,1,0
896,4/12/2024,2023/2024,Bournemouth,Aston Villa,2,2
897,4/12/2024,2023/2024,Chelsea,Brighton,3,2
898,4/12/2024,2023/2024,Liverpool,Fulham,4,3
899,5/12/2024,2023/2024,West Ham,Crystal Palace,1,1
900,5/12/2024,2023/2024,Man City,Tottenham,3,3
901,7/12/2024,2023/2024,Wolves,Burnley,1,0
902,7/12/2024,2023/2024,Luton,Arsenal,3,4
903,7/12/2024,2023/2024,Brighton,Brentford,2,1
904,7/12/2024,2023/2024,Crystal Palace,Bournemouth,0,2
905,8/12/2024,2023/2024,Fulham,Nott'm Forest,5,0
906,8/12/2024,2023/2024,Sheffield United,Liverpool,0,2
907,8/12/2024,2023/2024,Aston Villa,Man City,1,0
908,8/12/2024,2023/2024,Man United,Chelsea,2,1
909,9/12/2024,2023/2024,Everton,Newcastle,3,0
910,14/12/2024,2023/2024,Tottenham,West Ham,1,2
911,14/12/2024,2023/2024,Crystal Palace,Liverpool,1,2
912,14/12/2024,2023/2024,Brighton,Burnley,1,1
913,14/12/2024,2023/2024,Man United,Bournemouth,0,3
914,14/12/2024,2023/2024,Sheffield United,Brentford,1,0
915,15/12/2024,2023/2024,Wolves,Nott'm Forest,1,1
916,15/12/2024,2023/2024,Aston Villa,Arsenal,1,0
917,15/12/2024,2023/2024,Everton,Chelsea,2,0
918,15/12/2024,2023/2024,Fulham,West Ham,5,0
919,16/12/2024,2023/2024,Luton,Man City,1,2
920,21/12/2024,2023/2024,Tottenham,Newcastle,4,1
921,21/12/2024,2023/2024,Nott'm Forest,Tottenham,0,2
922,21/12/2024,2023/2024,Chelsea,Sheffield United,2,0
923,21/12/2024,2023/2024,Man City,Crystal Palace,2,2
924,21/12/2024,2023/2024,Newcastle,Fulham,3,0
925,22/12/2024,2023/2024,Burnley,Everton,0,2
926,22/12/2024,2023/2024,Arsenal,Brighton,2,0
927,22/12/2024,2023/2024,Brentford,Aston Villa,1,2
928,22/12/2024,2023/2024,West Ham,Wolves,3,0
929,22/12/2024,2023/2024,Liverpool,Man United,0,0
930,26/12/2024,2023/2024,Crystal Palace,Brighton,1,1
931,26/12/2024,2023/2024,Aston Villa,Sheffield United,1,1
932,26/12/2024,2023/2024,West Ham,Man United,2,0
933,26/12/2024,2023/2024,Fulham,Burnley,0,2
934,26/12/2024,2023/2024,Luton,Newcastle,1,0
935,26/12/2024,2023/2024,Nott'm Forest,Bournemouth,2,3
936,26/12/2024,2023/2024,Tottenham,Everton,2,1
937,26/12/2024,2023/2024,Liverpool,Arsenal,1,1
938,27/12/2024,2023/2024,Wolves,Chelsea,2,1
939,27/12/2024,2023/2024,Newcastle,Nott'm Forest,1,3
940,29/12/2024,2023/2024,Bournemouth,Fulham,3,0
941,29/12/2024,2023/2024,Sheffield United,Luton,2,3
942,29/12/2024,2023/2024,Burnley,Liverpool,0,2
943,29/12/2024,2023/2024,Man United,Aston Villa,3,2
944,29/12/2024,2023/2024,Brentford,Wolves,1,4
945,29/12/2024,2023/2024,Chelsea,Crystal Palace,2,1
946,30/12/2024,2023/2024,Everton,Man City,1,3
947,30/12/2024,2023/2024,Brighton,Tottenham,4,2
948,30/12/2024,2023/2024,Arsenal,West Ham,0,2
949,1/1/2025,2023/2024,Luton,Chelsea,2,3
950,4/1/2025,2023/2024,Aston Villa,Burnley,3,2
951,4/1/2025,2023/2024,Crystal Palace,Brentford,3,1
952,4/1/2025,2023/2024,Man City,Sheffield United,2,0
953,4/1/2025,2023/2024,Wolves,Everton,3,0
954,4/1/2025,2023/2024,Nott'm Forest,Man United,2,1
955,4/1/2025,2023/2024,Fulham,Arsenal,2,1
956,4/1/2025,2023/2024,Tottenham,Bournemouth,3,1
957,5/1/2025,2023/2024,Liverpool,Newcastle,4,2
958,5/1/2025,2023/2024,West Ham,Brighton,0,0
959,6/1/2025,2023/2024,Burnley,Luton,1,1
960,14/01/2025,2023/2024,Chelsea,Fulham,1,0
961,14/01/2025,2023/2024,Newcastle,Man City,2,3
962,14/01/2025,2023/2024,Everton,Aston Villa,0,0
963,14/01/2025,2023/2024,Man United,Tottenham,2,2
964,15/01/2025,2023/2024,Arsenal,Crystal Palace,5,0
965,15/01/2025,2023/2024,Brentford,Nott'm Forest,3,2
966,15/01/2025,2023/2024,Sheffield United,West Ham,2,2
967,15/01/2025,2023/2024,Bournemouth,Liverpool,0,4
968,16/01/2025,2023/2024,Brighton,Wolves,0,0
969,16/01/2025,2023/2024,Nott'm Forest,Arsenal,1,2
970,18/01/2025,2023/2024,Fulham,Everton,0,0
971,18/01/2025,2023/2024,Luton,Brighton,4,0
972,18/01/2025,2023/2024,Crystal Palace,Sheffield United,3,2
973,18/01/2025,2023/2024,Aston Villa,Newcastle,1,3
974,18/01/2025,2023/2024,Man City,Burnley,3,1
975,19/01/2025,2023/2024,Tottenham,Brentford,3,2
976,19/01/2025,2023/2024,Liverpool,Chelsea,4,1
977,19/01/2025,2023/2024,West Ham,Bournemouth,1,1
978,19/01/2025,2023/2024,Wolves,Man United,3,4
979,20/01/2025,2023/2024,Everton,Tottenham,2,2
980,25/01/2025,2023/2024,Brighton,Crystal Palace,4,1
981,25/01/2025,2023/2024,Burnley,Fulham,2,2
982,25/01/2025,2023/2024,Newcastle,Luton,4,4
983,25/01/2025,2023/2024,Sheffield United,Aston Villa,0,5
984,25/01/2025,2023/2024,Bournemouth,Nott'm Forest,1,1
985,25/01/2025,2023/2024,Chelsea,Wolves,2,4
986,26/01/2025,2023/2024,Man United,West Ham,3,0
987,26/01/2025,2023/2024,Arsenal,Liverpool,3,1
988,26/01/2025,2023/2024,Brentford,Man City,1,3
989,26/01/2025,2023/2024,Man City,Everton,2,0
990,1/2/2025,2023/2024,Fulham,Bournemouth,3,1
991,1/2/2025,2023/2024,Liverpool,Burnley,3,1
992,1/2/2025,2023/2024,Luton,Sheffield United,1,3
993,1/2/2025,2023/2024,Tottenham,Brighton,2,1
994,1/2/2025,2023/2024,Wolves,Brentford,0,2
995,1/2/2025,2023/2024,Nott'm Forest,Newcastle,2,3
996,2/2/2025,2023/2024,West Ham,Arsenal,0,6
997,2/2/2025,2023/2024,Aston Villa,Man United,1,2
998,2/2/2025,2023/2024,Crystal Palace,Chelsea,1,3
999,3/2/2025,2023/2024,Brentford,Liverpool,1,4
1000,12/2/2025,2023/2024,Burnley,Arsenal,0,5
1001,14/02/2025,2023/2024,Fulham,Aston Villa,1,2
1002,15/02/2025,2023/2024,Newcastle,Bournemouth,2,2
1003,15/02/2025,2023/2024,Nott'm Forest,West Ham,2,0
1004,15/02/2025,2023/2024,Tottenham,Wolves,1,2
1005,15/02/2025,2023/2024,Man City,Chelsea,1,1
1006,15/02/2025,2023/2024,Sheffield United,Brighton,0,5
1007,15/02/2025,2023/2024,Luton,Man United,1,2
1008,15/02/2025,2023/2024,Everton,Crystal Palace,1,1
1009,16/02/2025,2023/2024,Man City,Brentford,1,0
1010,16/02/2025,2023/2024,Liverpool,Luton,4,1
1011,19/02/2025,2023/2024,Aston Villa,Nott'm Forest,4,2
1012,21/02/2025,2023/2024,Brighton,Everton,1,1
1013,22/02/2025,2023/2024,Crystal Palace,Burnley,3,0
1014,22/02/2025,2023/2024,Man United,Fulham,1,2
1015,22/02/2025,2023/2024,Bournemouth,Man City,0,1
1016,22/02/2025,2023/2024,Arsenal,Newcastle,4,1
1017,22/02/2025,2023/2024,Wolves,Sheffield United,1,0
1018,22/02/2025,2023/2024,West Ham,Brentford,4,2
1019,22/02/2025,2023/2024,Brentford,Chelsea,2,2
1020,23/02/2025,2023/2024,Everton,West Ham,1,3
1021,23/02/2025,2023/2024,Fulham,Brighton,3,0
1022,25/02/2025,2023/2024,Newcastle,Wolves,3,0
1023,25/02/2025,2023/2024,Nott'm Forest,Liverpool,0,1
1024,25/02/2025,2023/2024,Tottenham,Crystal Palace,3,1
1025,25/02/2025,2023/2024,Luton,Aston Villa,2,3
1026,26/02/2025,2023/2024,Burnley,Bournemouth,0,2
1027,26/02/2025,2023/2024,Man City,Man United,3,1
1028,26/02/2025,2023/2024,Sheffield United,Arsenal,0,6
1029,26/02/2025,2023/2024,Man United,Everton,2,0
1030,26/02/2025,2023/2024,Bournemouth,Sheffield United,2,2
1031,27/02/2025,2023/2024,Crystal Palace,Luton,1,1
1032,8/3/2025,2023/2024,Wolves,Fulham,2,1
1033,8/3/2025,2023/2024,Arsenal,Brentford,2,1
1034,8/3/2025,2023/2024,Aston Villa,Tottenham,0,4
1035,8/3/2025,2023/2024,Brighton,Nott'm Forest,1,0
1036,8/3/2025,2023/2024,West Ham,Burnley,2,2
1037,8/3/2025,2023/2024,Liverpool,Man City,1,1
1038,9/3/2025,2023/2024,Chelsea,Newcastle,3,2
1039,9/3/2025,2023/2024,Bournemouth,Luton,4,3
1040,9/3/2025,2023/2024,Burnley,Brentford,2,1
1041,10/3/2025,2023/2024,Luton,Nott'm Forest,1,1
1042,15/03/2025,2023/2024,Fulham,Tottenham,3,0
1043,15/03/2025,2023/2024,West Ham,Aston Villa,1,1
1044,15/03/2025,2023/2024,Newcastle,West Ham,4,3
1045,15/03/2025,2023/2024,Bournemouth,Everton,2,1
1046,15/03/2025,2023/2024,Chelsea,Burnley,2,2
1047,16/03/2025,2023/2024,Nott'm Forest,Crystal Palace,1,1
1048,16/03/2025,2023/2024,Sheffield United,Fulham,3,3
1049,16/03/2025,2023/2024,Tottenham,Luton,2,1
1050,1/4/2025,2023/2024,Aston Villa,Wolves,2,0
1051,1/4/2025,2023/2024,Brentford,Man United,1,1
1052,1/4/2025,2023/2024,Liverpool,Brighton,2,1
1053,2/4/2025,2023/2024,Man City,Arsenal,0,0
1054,2/4/2025,2023/2024,Newcastle,Everton,1,1
1055,2/4/2025,2023/2024,Nott'm Forest,Fulham,3,1
1056,2/4/2025,2023/2024,Bournemouth,Crystal Palace,1,0
1057,2/4/2025,2023/2024,Burnley,Wolves,1,1
1058,2/4/2025,2023/2024,West Ham,Tottenham,1,1
1059,3/4/2025,2023/2024,Arsenal,Luton,2,0
1060,5/4/2025,2023/2024,Brentford,Brighton,0,0
1061,5/4/2025,2023/2024,Man City,Aston Villa,4,1
1062,5/4/2025,2023/2024,Liverpool,Sheffield United,3,1
1063,5/4/2025,2023/2024,Chelsea,Man United,4,3
1064,5/4/2025,2023/2024,Crystal Palace,Man City,2,4
1065,6/4/2025,2023/2024,Aston Villa,Brentford,3,3
1066,6/4/2025,2023/2024,Everton,Burnley,1,0
1067,6/4/2025,2023/2024,Fulham,Newcastle,0,1
1068,6/4/2025,2023/2024,Luton,Bournemouth,2,1
1069,7/4/2025,2023/2024,Wolves,West Ham,1,2
1070,12/4/2025,2023/2024,Brighton,Arsenal,0,3
1071,12/4/2025,2023/2024,Man United,Liverpool,2,2
1072,12/4/2025,2023/2024,Sheffield United,Chelsea,2,2
1073,12/4/2025,2023/2024,Tottenham,Nott'm Forest,3,1
1074,12/4/2025,2023/2024,Newcastle,Tottenham,4,0
1075,13/04/2025,2023/2024,Brentford,Sheffield United,2,0
1076,13/04/2025,2023/2024,Burnley,Brighton,1,1
1077,13/04/2025,2023/2024,Man City,Luton,5,1
1078,13/04/2025,2023/2024,Nott'm Forest,Wolves,2,2
1079,14/04/2025,2023/2024,Bournemouth,Man United,2,2
1080,16/04/2025,2023/2024,Liverpool,Crystal Palace,0,1
1081,19/04/2025,2023/2024,West Ham,Fulham,0,2
1082,19/04/2025,2023/2024,Arsenal,Aston Villa,0,2
1083,19/04/2025,2023/2024,Chelsea,Everton,6,0
1084,19/04/2025,2023/2024,Luton,Brentford,1,5
1085,19/04/2025,2023/2024,Sheffield United,Burnley,1,4
1086,20/04/2025,2023/2024,Wolves,Arsenal,0,2
1087,20/04/2025,2023/2024,Everton,Nott'm Forest,2,0
1088,20/04/2025,2023/2024,Aston Villa,Bournemouth,3,1
1089,20/04/2025,2023/2024,Crystal Palace,West Ham,5,2
1090,21/04/2025,2023/2024,Fulham,Liverpool,1,3
1091,22/04/2025,2023/2024,Arsenal,Chelsea,5,0
1092,23/04/2025,2023/2024,Wolves,Bournemouth,0,1
1093,26/04/2025,2023/2024,Crystal Palace,Newcastle,2,0
1094,26/04/2025,2023/2024,Everton,Liverpool,2,0
1095,26/04/2025,2023/2024,Man United,Sheffield United,4,2
1096,26/04/2025,2023/2024,Brighton,Man City,0,4
1097,26/04/2025,2023/2024,West Ham,Liverpool,2,2
1098,27/04/2025,2023/2024,Fulham,Crystal Palace,1,1
1099,27/04/2025,2023/2024,Man United,Burnley,1,1
1100,1/5/2025,2023/2024,Newcastle,Sheffield United,5,1
1101,2/5/2025,2023/2024,Wolves,Luton,2,1
1102,3/5/2025,2023/2024,Everton,Brentford,1,0
1103,3/5/2025,2023/2024,Aston Villa,Chelsea,2,2
1104,3/5/2025,2023/2024,Bournemouth,Brighton,3,0
1105,3/5/2025,2023/2024,Tottenham,Arsenal,2,3
1106,4/5/2025,2023/2024,Nott'm Forest,Man City,0,2
1107,4/5/2025,2023/2024,Chelsea,Tottenham,2,0
1108,4/5/2025,2023/2024,Luton,Everton,1,1
1109,4/5/2025,2023/2024,Arsenal,Bournemouth,3,0
1110,5/5/2025,2023/2024,Brentford,Fulham,0,0
1111,10/5/2025,2023/2024,Burnley,Newcastle,1,4
1112,10/5/2025,2023/2024,Sheffield United,Nott'm Forest,1,3
1113,10/5/2025,2023/2024,Man City,Wolves,5,1
1114,10/5/2025,2023/2024,Brighton,Aston Villa,1,0
1115,10/5/2025,2023/2024,Chelsea,West Ham,5,0
1116,11/5/2025,2023/2024,Liverpool,Tottenham,4,2
1117,11/5/2025,2023/2024,Crystal Palace,Man United,4,0
1118,11/5/2025,2023/2024,Fulham,Man City,0,4
1119,11/5/2025,2023/2024,Bournemouth,Brentford,1,2
1120,11/5/2025,2023/2024,Everton,Sheffield United,1,0
1121,16/05/2025,2023/2024,Newcastle,Brighton,1,1
1122,16/05/2025,2023/2024,Tottenham,Burnley,2,1
1123,18/05/2025,2023/2024,West Ham,Luton,3,1
1124,18/05/2025,2023/2024,Wolves,Crystal Palace,1,3
1125,18/05/2025,2023/2024,Nott'm Forest,Chelsea,2,3
1126,18/05/2025,2023/2024,Man United,Arsenal,0,1
1127,18/05/2025,2023/2024,Aston Villa,Liverpool,3,3
1128,19/05/2025,2023/2024,Tottenham,Man City,0,2
1129,20/05/2025,2023/2024,Brighton,Chelsea,1,2
1130,20/05/2025,2023/2024,Man United,Newcastle,3,2
1131,25/05/2025,2023/2024,Arsenal,Everton,2,1
1132,25/05/2025,2023/2024,Brentford,Newcastle,2,4
1133,25/05/2025,2023/2024,Brighton,Man United,0,2
1134,25/05/2025,2023/2024,Burnley,Nott'm Forest,1,2
1135,25/05/2025,2023/2024,Chelsea,Bournemouth,2,1
1136,25/05/2025,2023/2024,Crystal Palace,Aston Villa,5,0
1137,25/05/2025,2023/2024,Liverpool,Wolves,2,0
1138,25/05/2025,2023/2024,Luton,Fulham,2,4
1139,25/05/2025,2023/2024,Man City,West Ham,3,1
1140,25/05/2025,2023/2024,Sheffield United,Tottenham,0,3
